{
    "data":[ 
        {
            "dateCollected":"06012023", 
            "trial": 1,
            "laserWavelength":7.8095E-5,
            "opticalLength":2.5,
            "ovenTemp": 140,
            "rotationConversionFactor": "",
            "magneticField": [0,0.05,0.09,0.14,0.19,0.24,0.28,0.33,0.38,0.47,0.52,0.57,0.61,0.66,0.71,0.75,0.8,0.85,0.94,1.04,1.18,1.32,1.55,1.88,3.44,5.46,8.81,10.17,12.67,15.17,18.04,21.38,24.07,29.15,33.21,36.13],
            "rotation": [0,-0.00000416,-0.00000728,-0.00000936,-0.0000125,-0.0000177,-0.0000187,-0.0000239,-0.0000135,-0.0000114,-0.0000114,-0.0000125,-0.0000104,-0.00000624,-0.00000416,-0.00000104,0.00000104,0.00000208,0.00000624,0.0000125,0.0000156,0.0000177,0.000026,0.0000312,0.0000343,0.0000437,0.0000468,0.0000489,0.000051,0.000053,0.0000562,0.0000603,0.0000666,0.0000718,0.000078,0.0000801],
            "magFieldError":[0.05,0.05,0.05,0.05,0.05,0.05,0.05,0.05,0.05,0.05,0.05,0.05,0.05,0.05,0.05,0.05,0.05,0.05,0.05,0.05,0.05,0.05,0.05,0.05,0.05,0.05,0.05,0.05,0.05,0.05,0.05,0.05,0.05,0.05,0.05,0.05],
            "rotationError": [0.000002,0.000002,0.000002,0.000002,0.000002,0.000002,0.000002,0.000002,0.000002,0.000002,0.000002,0.000002,0.000002,0.000002,0.000002,0.000002,0.000002,0.000002,0.000002,0.000002,0.000002,0.000002,0.000003,0.000003,0.000003,0.000003,0.000003,0.000003,0.000003,0.000003,0.000003,0.000003,0.000003,0.000003,0.000004,0.000004]
        },
        {
            "dateCollected": "05312023",
            "trial": 1,
            "laserWavelength":7.8095E-5,
            "opticalLength":2.5,
            "ovenTemp": 140,
            "rotationConversionFactor": "",
            "magneticField": [0,0.61,1.6,3.67,5.89,9.47,13.47,18.51,26.75,32.73,34.76],
            "rotation": [0,-0.0000104,0.0000156,0.0000273,0.0000286,0.0000325,0.0000364,0.000039,0.0000545,0.0000584,0.0000623],
            "magFieldError":[0.05,0.05,0.05,0.05,0.05,0.05,0.05,0.05,0.05,0.05,0.05],
            "rotationError": [0.000003,0.000003,0.000003,0.000003,0.000003,0.000003,0.000003,0.000003,0.000003,0.000003,0.000003]

        },
        {
            "dateCollected": "05312023",
            "trial": 2,
            "laserWavelength":7.8095E-5,
            "opticalLength":2.5,
            "ovenTemp": 140,
            "rotationConversionFactor": "",
            "magneticField": [1.74,3.67,6.64,14.84,20.72,28.59,34.62,36.08],
            "rotation": [0.0000234,0.0000312,0.0000364,0.0000416,0.000048,0.000061,0.0000688,0.0000727],
            "magFieldError":[0.05,0.05,0.05,0.05,0.05,0.05,0.05,0.05,0.05],
            "rotationError": [0.0000005,0.0000005,0.0000005,0.0000005,0.0000005,0.0000005,0.0000005,0.0000005]
        },
        {
            "dateCollected":"05302023", 
            "trial": 1,
            "laserWavelength":7.8095E-5,
            "opticalLength":2.5,
            "ovenTemp": 140,
            "rotationConversionFactor": "",
            "magneticField": [0,0.471,0.942,1.413,1.931,2.355,2.873,3.297,3.815,4.239,4.757,5.322,5.746,6.217,6.641,7.206,7.63,8.054,8.666,9.09,9.467,10.597,11.822,13.047,14.13,15.26,16.626,17.757,18.934,20.064,21.289,22.372,23.55,24.822,25.999,27.177,28.307],
            "rotation": [0,-0.0000118,0,0.0000059,0.0000079,0.0000138,0.0000158,0.0000158,0.0000158,0.0000158,0.0000178,0.0000197,0.0000178,0.0000178,0.0000178,0.0000197,0.0000237,0.0000237,0.0000256,0.0000237,0.0000197,0.0000237,0.0000276,0.0000316,0.0000316,0.0000316,0.0000335,0.0000355,0.0000375,0.0000414,0.0000414,0.0000414,0.0000414,0.0000454,0.0000473,0.0000513,0.0000513],
            "magFieldError":[0.05,0.05,0.05,0.05,0.05,0.05,0.05,0.05,0.05,0.05,0.05,0.05,0.05,0.05,0.05,0.05,0.05,0.05,0.05,0.05,0.05,0.05,0.05,0.05,0.05,0.05,0.05,0.05,0.05,0.05,0.05,0.05,0.05,0.05,0.05,0.05,0.05],
            "rotationError": [0.0000005,0.0000005,0.0000005,0.0000005,0.0000005,0.0000005,0.0000005,0.0000005,0.0000005,0.0000005,0.0000005,0.0000005,0.0000005,0.0000005,0.0000005,0.0000005,0.0000005,0.0000005,0.0000005,0.0000005,0.0000005,0.0000005,0.0000005,0.0000005,0.0000005,0.0000005,0.0000005,0.0000005,0.0000005,0.0000005,0.0000005,0.0000005,0.0000005,0.0000005,0.0000005,0.0000005,0.0000005]
        }
    ]
}
